Date,Open,High,Low,Close,Adj Close,Volume
2024-01-03 09:30:00,183.4006233215332,184.7756265004476,182.4206225077311,183.32375144958496,182.84212176005045,63785602.083333336
2024-01-03 09:31:00,183.39918581644693,184.7736889945136,182.4188516828749,183.3221264521281,182.84050104353162,63795025.06944445
2024-01-03 09:32:00,183.3977483113607,184.77175148857964,182.41708085801866,183.32050145467122,182.83888032701282,63804448.05555555
2024-01-03 09:33:00,183.3963108062744,184.76981398264567,182.41531003316243,183.31887645721434,182.837259610494,63813871.041666664
2024-01-03 09:34:00,183.39487330118814,184.7678764767117,182.41353920830622,183.3172514597575,182.83563889397516,63823294.027777776
2024-01-03 09:35:00,183.3934357961019,184.7659389707777,182.41176838344998,183.31562646230063,182.83401817745633,63832717.01388889
2024-01-03 09:36:00,183.39199829101562,184.76400146484374,182.40999755859374,183.31400146484376,182.8323974609375,63842140.0
2024-01-03 09:37:00,183.39056078592935,184.76206395890978,182.40822673373754,183.31237646738688,182.83077674441867,63851562.98611111
2024-01-03 09:38:00,183.3891232808431,184.7601264529758,182.4064559088813,183.31075146993,182.82915602789984,63860985.972222224
2024-01-03 09:39:00,183.38768577575684,184.75818894704182,182.40468508402506,183.30912647247314,182.827535311381,63870408.958333336
2024-01-03 09:40:00,183.38624827067056,184.75625144110785,182.40291425916882,183.30750147501627,182.82591459486218,63879831.94444445
2024-01-03 09:41:00,183.38481076558432,184.75431393517388,182.40114343431262,183.3058764775594,182.82429387834338,63889254.93055555
2024-01-03 09:42:00,183.38337326049805,184.75237642923992,182.39937260945638,183.30425148010255,182.82267316182455,63898677.916666664
2024-01-03 09:43:00,183.38193575541177,184.75043892330592,182.39760178460014,183.30262648264568,182.82105244530572,63908100.902777776
2024-01-03 09:44:00,183.38049825032553,184.74850141737195,182.39583095974393,183.3010014851888,182.8194317287869,63917523.88888889
2024-01-03 09:45:00,183.37906074523926,184.746563911438,182.3940601348877,183.29937648773193,182.81781101226807,63926946.875
2024-01-03 09:46:00,183.37762324015299,184.74462640550402,182.39228931003146,183.29775149027506,182.81619029574924,63936369.86111111
2024-01-03 09:47:00,183.37618573506674,184.74268889957006,182.39051848517525,183.2961264928182,182.8145695792304,63945792.847222224
2024-01-03 09:48:00,183.37474822998047,184.74075139363606,182.388747660319,183.29450149536132,182.81294886271158,63955215.833333336
2024-01-03 09:49:00,183.3733107248942,184.7388138877021,182.38697683546278,183.29287649790447,182.81132814619275,63964638.81944445
2024-01-03 09:50:00,183.37187321980795,184.73687638176813,182.38520601060657,183.2912515004476,182.80970742967395,63974061.80555555
2024-01-03 09:51:00,183.37043571472168,184.73493887583416,182.38343518575033,183.28962650299073,182.80808671315512,63983484.791666664
2024-01-03 09:52:00,183.3689982096354,184.73300136990017,182.3816643608941,183.28800150553386,182.8064659966363,63992907.777777776
2024-01-03 09:53:00,183.36756070454916,184.7310638639662,182.37989353603786,183.28637650807698,182.80484528011746,64002330.76388889
2024-01-03 09:54:00,183.3661231994629,184.72912635803223,182.37812271118165,183.2847515106201,182.80322456359863,64011753.75
2024-01-03 09:55:00,183.36468569437662,184.72718885209827,182.3763518863254,183.28312651316324,182.8016038470798,64021176.73611111
2024-01-03 09:56:00,183.36324818929037,184.72525134616427,182.37458106146917,183.28150151570637,182.79998313056097,64030599.722222224
2024-01-03 09:57:00,183.3618106842041,184.7233138402303,182.37281023661296,183.27987651824952,182.79836241404215,64040022.708333336
2024-01-03 09:58:00,183.36037317911783,184.72137633429634,182.37103941175673,183.27825152079265,182.79674169752332,64049445.69444445
2024-01-03 09:59:00,183.35893567403158,184.71943882836237,182.3692685869005,183.27662652333578,182.79512098100452,64058868.68055555
2024-01-03 10:00:00,183.3574981689453,184.71750132242838,182.36749776204428,183.2750015258789,182.7935002644857,64068291.666666664
2024-01-03 10:01:00,183.35606066385904,184.7155638164944,182.36572693718804,183.27337652842203,182.79187954796686,64077714.652777776
2024-01-03 10:02:00,183.3546231587728,184.71362631056044,182.3639561123318,183.27175153096516,182.79025883144803,64087137.63888889
2024-01-03 10:03:00,183.35318565368652,184.71168880462648,182.3621852874756,183.2701265335083,182.7886381149292,64096560.625
2024-01-03 10:04:00,183.35174814860025,184.70975129869248,182.36041446261936,183.26850153605145,182.78701739841037,64105983.61111111
2024-01-03 10:05:00,183.350310643514,184.70781379275851,182.35864363776312,183.26687653859457,182.78539668189154,64115406.597222224
2024-01-03 10:06:00,183.34887313842773,184.70587628682455,182.35687281290691,183.2652515411377,182.7837759653727,64124829.583333336
2024-01-03 10:07:00,183.34743563334146,184.70393878089058,182.35510198805068,183.26362654368083,182.78215524885388,64134252.56944445
2024-01-03 10:08:00,183.34599812825522,184.7020012749566,182.35333116319444,183.26200154622396,182.78053453233508,64143675.55555555
2024-01-03 10:09:00,183.34456062316895,184.70006376902262,182.3515603383382,183.26037654876708,182.77891381581625,64153098.541666664
2024-01-03 10:10:00,183.34312311808267,184.69812626308865,182.349789513482,183.2587515513102,182.77729309929742,64162521.527777776
2024-01-03 10:11:00,183.34168561299643,184.6961887571547,182.34801868862576,183.25712655385334,182.7756723827786,64171944.51388889
2024-01-03 10:12:00,183.34024810791016,184.6942512512207,182.34624786376952,183.2555015563965,182.77405166625977,64181367.5
2024-01-03 10:13:00,183.33881060282388,184.69231374528673,182.3444770389133,183.25387655893962,182.77243094974094,64190790.48611111
2024-01-03 10:14:00,183.33737309773764,184.69037623935276,182.34270621405707,183.25225156148275,182.7708102332221,64200213.472222224
2024-01-03 10:15:00,183.33593559265137,184.6884387334188,182.34093538920084,183.25062656402588,182.76918951670328,64209636.458333336
2024-01-03 10:16:00,183.3344980875651,184.6865012274848,182.33916456434463,183.249001566569,182.76756880018445,64219059.44444445
2024-01-03 10:17:00,183.33306058247885,184.68456372155083,182.3373937394884,183.24737656911213,182.76594808366565,64228482.43055555
2024-01-03 10:18:00,183.33162307739258,184.68262621561686,182.33562291463215,183.24575157165526,182.76432736714682,64237905.416666664
2024-01-03 10:19:00,183.3301855723063,184.6806887096829,182.33385208977595,183.24412657419842,182.762706650628,64247328.402777776
2024-01-03 10:20:00,183.32874806722006,184.6787512037489,182.3320812649197,183.24250157674155,182.76108593410916,64256751.38888889
2024-01-03 10:21:00,183.3273105621338,184.67681369781494,182.33031044006347,183.24087657928467,182.75946521759033,64266174.375
2024-01-03 10:22:00,183.32587305704752,184.67487619188097,182.32853961520726,183.2392515818278,182.7578445010715,64275597.36111111
2024-01-03 10:23:00,183.32443555196127,184.672938685947,182.32676879035103,183.23762658437093,182.75622378455267,64285020.347222224
2024-01-03 10:24:00,183.322998046875,184.671001180013,182.3249979654948,183.23600158691406,182.75460306803384,64294443.333333336
2024-01-03 10:25:00,183.32156054178873,184.66906367407904,182.32322714063855,183.23437658945718,182.75298235151502,64303866.31944445
2024-01-03 10:26:00,183.32012303670248,184.66712616814507,182.32145631578234,183.2327515920003,182.75136163499621,64313289.30555555
2024-01-03 10:27:00,183.3186855316162,184.6651886622111,182.3196854909261,183.23112659454347,182.74974091847739,64322712.291666664
2024-01-03 10:28:00,183.31724802652994,184.6632511562771,182.31791466606987,183.2295015970866,182.74812020195856,64332135.277777776
2024-01-03 10:29:00,183.3158105214437,184.66131365034315,182.31614384121366,183.22787659962972,182.74649948543973,64341558.26388889
2024-01-03 10:30:00,183.31437301635742,184.65937614440918,182.31437301635742,183.22625160217285,182.7448787689209,64350981.25
2024-01-03 10:31:00,183.31293551127115,184.6574386384752,182.31260219150118,183.22462660471598,182.74325805240207,64360404.23611111
2024-01-03 10:32:00,183.3114980061849,184.65550113254125,182.31083136664498,183.2230016072591,182.74163733588324,64369827.222222224
2024-01-03 10:33:00,183.31006050109863,184.65356362660725,182.30906054178874,183.22137660980223,182.7400166193644,64379250.208333336
2024-01-03 10:34:00,183.30862299601236,184.65162612067328,182.3072897169325,183.2197516123454,182.73839590284558,64388673.19444445
2024-01-03 10:35:00,183.30718549092612,184.64968861473932,182.3055188920763,183.21812661488852,182.73677518632678,64398096.18055555
2024-01-03 10:36:00,183.30574798583984,184.64775110880535,182.30374806722006,183.21650161743165,182.73515446980795,64407519.166666664
2024-01-03 10:37:00,183.30431048075357,184.64581360287136,182.30197724236382,183.21487661997477,182.73353375328912,64416942.152777776
2024-01-03 10:38:00,183.30287297566733,184.6438760969374,182.30020641750758,183.2132516225179,182.7319130367703,64426365.13888889
2024-01-03 10:39:00,183.30143547058105,184.64193859100342,182.29843559265137,183.21162662506103,182.73029232025146,64435788.125
2024-01-03 10:40:00,183.29999796549478,184.64000108506946,182.29666476779514,183.21000162760416,182.72867160373264,64445211.11111111
2024-01-03 10:41:00,183.29856046040854,184.63806357913546,182.2948939429389,183.20837663014728,182.7270508872138,64454634.097222224
2024-01-03 10:42:00,183.29712295532227,184.6361260732015,182.2931231180827,183.20675163269044,182.72543017069498,64464057.083333336
2024-01-03 10:43:00,183.295685450236,184.63418856726753,182.29135229322645,183.20512663523357,182.72380945417615,64473480.06944445
2024-01-03 10:44:00,183.29424794514975,184.63225106133356,182.28958146837022,183.2035016377767,182.72218873765735,64482903.05555555
2024-01-03 10:45:00,183.29281044006348,184.63031355539957,182.287810643514,183.20187664031982,182.72056802113852,64492326.041666664
2024-01-03 10:46:00,183.2913729349772,184.6283760494656,182.28603981865777,183.20025164286295,182.7189473046197,64501749.027777776
2024-01-03 10:47:00,183.28993542989096,184.62643854353163,182.28426899380153,183.19862664540608,182.71732658810086,64511172.01388889
2024-01-03 10:48:00,183.2884979248047,184.62450103759767,182.28249816894532,183.1970016479492,182.71570587158203,64520595.0
2024-01-03 10:49:00,183.28706041971842,184.62256353166367,182.2807273440891,183.19537665049236,182.7140851550632,64530017.98611111
2024-01-03 10:50:00,183.28562291463217,184.6206260257297,182.27895651923285,183.1937516530355,182.71246443854437,64539440.972222224
2024-01-03 10:51:00,183.2841854095459,184.61868851979574,182.27718569437664,183.19212665557862,182.71084372202554,64548863.958333336
2024-01-03 10:52:00,183.28274790445963,184.61675101386177,182.2754148695204,183.19050165812175,182.70922300550671,64558286.94444445
2024-01-03 10:53:00,183.28131039937338,184.61481350792778,182.27364404466417,183.18887666066487,182.7076022889879,64567709.93055555
2024-01-03 10:54:00,183.2798728942871,184.6128760019938,182.27187321980793,183.187251663208,182.70598157246908,64577132.916666664
2024-01-03 10:55:00,183.27843538920084,184.61093849605984,182.27010239495172,183.18562666575113,182.70436085595026,64586555.902777776
2024-01-03 10:56:00,183.2769978841146,184.60900099012588,182.26833157009548,183.18400166829426,182.70274013943143,64595978.88888889
2024-01-03 10:57:00,183.27556037902832,184.60706348419188,182.26656074523925,183.1823766708374,182.7011194229126,64605401.875
2024-01-03 10:58:00,183.27412287394205,184.60512597825792,182.26478992038304,183.18075167338054,182.69949870639377,64614824.86111111
2024-01-03 10:59:00,183.2726853688558,184.60318847232395,182.2630190955268,183.17912667592367,182.69787798987494,64624247.847222224
2024-01-03 11:00:00,183.27124786376953,184.60125096638998,182.26124827067056,183.1775016784668,182.6962572733561,64633670.833333336
2024-01-03 11:01:00,183.26981035868326,184.599313460456,182.25947744581435,183.17587668100992,182.69463655683728,64643093.81944445
2024-01-03 11:02:00,183.26837285359701,184.59737595452202,182.25770662095812,183.17425168355305,182.69301584031848,64652516.80555555
2024-01-03 11:03:00,183.26693534851074,184.59543844858806,182.25593579610188,183.17262668609618,182.69139512379965,64661939.791666664
2024-01-03 11:04:00,183.26549784342447,184.5935009426541,182.25416497124567,183.17100168863934,182.68977440728082,64671362.777777776
2024-01-03 11:05:00,183.26406033833823,184.5915634367201,182.25239414638943,183.16937669118246,182.688153690762,64680785.76388889
2024-01-03 11:06:00,183.26262283325195,184.58962593078613,182.2506233215332,183.1677516937256,182.68653297424316,64690208.75
2024-01-03 11:07:00,183.26118532816568,184.58768842485216,182.248852496677,183.16612669626872,182.68491225772433,64699631.73611111
2024-01-03 11:08:00,183.25974782307944,184.5857509189182,182.24708167182075,183.16450169881185,182.6832915412055,64709054.722222224
2024-01-03 11:09:00,183.25831031799316,184.5838134129842,182.24531084696451,183.16287670135497,182.68167082468668,64718477.708333336
2024-01-03 11:10:00,183.2568728129069,184.58187590705023,182.24354002210828,183.1612517038981,182.68005010816785,64727900.69444445
2024-01-03 11:11:00,183.25543530782065,184.57993840111627,182.24176919725207,183.15962670644123,182.67842939164905,64737323.68055555
2024-01-03 11:12:00,183.25399780273438,184.5780008951823,182.23999837239583,183.1580017089844,182.67680867513022,64746746.666666664
2024-01-03 11:13:00,183.2525602976481,184.5760633892483,182.2382275475396,183.1563767115275,182.6751879586114,64756169.652777776
2024-01-03 11:14:00,183.25112279256186,184.57412588331434,182.23645672268339,183.15475171407064,182.67356724209256,64765592.63888889
2024-01-03 11:15:00,183.2496852874756,184.57218837738037,182.23468589782715,183.15312671661377,182.67194652557373,64775015.625
2024-01-03 11:16:00,183.2482477823893,184.5702508714464,182.2329150729709,183.1515017191569,182.6703258090549,64784438.61111111
2024-01-03 11:17:00,183.24681027730307,184.56831336551244,182.2311442481147,183.14987672170002,182.66870509253607,64793861.597222224
2024-01-03 11:18:00,183.2453727722168,184.56637585957844,182.22937342325847,183.14825172424315,182.66708437601724,64803284.583333336
2024-01-03 11:19:00,183.24393526713052,184.56443835364448,182.22760259840223,183.1466267267863,182.6654636594984,64812707.56944445
2024-01-03 11:20:00,183.24249776204428,184.5625008477105,182.22583177354602,183.14500172932944,182.6638429429796,64822130.55555555
2024-01-03 11:21:00,183.241060256958,184.56056334177654,182.22406094868978,183.14337673187256,182.66222222646078,64831553.541666664
2024-01-03 11:22:00,183.23962275187174,184.55862583584255,182.22229012383355,183.1417517344157,182.66060150994196,64840976.527777776
2024-01-03 11:23:00,183.2381852467855,184.55668832990858,182.2205192989773,183.14012673695882,182.65898079342313,64850399.51388889
2024-01-03 11:24:00,183.23674774169922,184.55475082397462,182.2187484741211,183.13850173950195,182.6573600769043,64859822.5
2024-01-03 11:25:00,183.23531023661295,184.55281331804065,182.21697764926486,183.13687674204508,182.65573936038547,64869245.48611111
2024-01-03 11:26:00,183.2338727315267,184.55087581210665,182.21520682440863,183.1352517445882,182.65411864386664,64878668.472222224
2024-01-03 11:27:00,183.23243522644043,184.5489383061727,182.21343599955242,183.13362674713136,182.6524979273478,64888091.458333336
2024-01-03 11:28:00,183.23099772135416,184.54700080023872,182.21166517469618,183.1320017496745,182.65087721082898,64897514.44444445
2024-01-03 11:29:00,183.2295602162679,184.54506329430475,182.20989434983994,183.13037675221761,182.64925649431018,64906937.43055555
2024-01-03 11:30:00,183.22812271118164,184.54312578837076,182.20812352498373,183.12875175476074,182.64763577779135,64916360.416666664
2024-01-03 11:31:00,183.22668520609537,184.5411882824368,182.2063527001275,183.12712675730387,182.64601506127252,64925783.402777776
2024-01-03 11:32:00,183.22524770100912,184.53925077650283,182.20458187527126,183.125501759847,182.6443943447537,64935206.38888889
2024-01-03 11:33:00,183.22381019592285,184.53731327056886,182.20281105041505,183.12387676239013,182.64277362823486,64944629.375
2024-01-03 11:34:00,183.22237269083658,184.53537576463486,182.2010402255588,183.12225176493328,182.64115291171603,64954052.36111111
2024-01-03 11:35:00,183.22093518575033,184.5334382587009,182.19926940070258,183.1206267674764,182.6395321951972,64963475.347222224
2024-01-03 11:36:00,183.21949768066406,184.53150075276693,182.19749857584637,183.11900177001954,182.63791147867838,64972898.333333336
2024-01-03 11:37:00,183.2180601755778,184.52956324683296,182.19572775099013,183.11737677256266,182.63629076215955,64982321.31944445
2024-01-03 11:38:00,183.21662267049155,184.52762574089897,182.1939569261339,183.1157517751058,182.63467004564075,64991744.30555555
2024-01-03 11:39:00,183.21518516540527,184.525688234965,182.19218610127766,183.11412677764892,182.63304932912192,65001167.291666664
2024-01-03 11:40:00,183.213747660319,184.52375072903104,182.19041527642145,183.11250178019205,182.6314286126031,65010590.277777776
2024-01-03 11:41:00,183.21231015523276,184.52181322309707,182.1886444515652,183.11087678273518,182.62980789608426,65020013.26388889
2024-01-03 11:42:00,183.21087265014648,184.51987571716307,182.18687362670897,183.10925178527833,182.62818717956543,65029436.25
2024-01-03 11:43:00,183.2094351450602,184.5179382112291,182.18510280185276,183.10762678782146,182.6265664630466,65038859.23611111
2024-01-03 11:44:00,183.20799763997397,184.51600070529514,182.18333197699653,183.1060017903646,182.62494574652777,65048282.222222224
2024-01-03 11:45:00,183.2065601348877,184.51406319936117,182.1815611521403,183.10437679290771,182.62332503000894,65057705.208333336
2024-01-03 11:46:00,183.20512262980142,184.51212569342718,182.17979032728408,183.10275179545084,182.6217043134901,65067128.19444445
2024-01-03 11:47:00,183.20368512471518,184.5101881874932,182.17801950242784,183.10112679799397,182.6200835969713,65076551.18055555
2024-01-03 11:48:00,183.2022476196289,184.50825068155925,182.1762486775716,183.0995018005371,182.61846288045248,65085974.166666664
2024-01-03 11:49:00,183.20081011454263,184.50631317562528,182.1744778527154,183.09787680308025,182.61684216393365,65095397.152777776
2024-01-03 11:50:00,183.1993726094564,184.50437566969129,182.17270702785916,183.09625180562338,182.61522144741483,65104820.13888889
2024-01-03 11:51:00,183.19793510437012,184.50243816375732,182.17093620300292,183.0946268081665,182.613600730896,65114243.125
2024-01-03 11:52:00,183.19649759928384,184.50050065782335,182.16916537814672,183.09300181070964,182.61198001437717,65123666.11111111
2024-01-03 11:53:00,183.1950600941976,184.49856315188939,182.16739455329048,183.09137681325277,182.61035929785834,65133089.097222224
2024-01-03 11:54:00,183.19362258911133,184.4966256459554,182.16562372843424,183.0897518157959,182.6087385813395,65142512.083333336
2024-01-03 11:55:00,183.19218508402506,184.49468814002142,182.163852903578,183.08812681833902,182.60711786482068,65151935.06944445
2024-01-03 11:56:00,183.1907475789388,184.49275063408746,182.1620820787218,183.08650182088215,182.60549714830188,65161358.05555555
2024-01-03 11:57:00,183.18931007385254,184.4908131281535,182.16031125386556,183.0848768234253,182.60387643178305,65170781.041666664
2024-01-03 11:58:00,183.18787256876627,184.4888756222195,182.15854042900932,183.08325182596843,182.60225571526422,65180204.027777776
2024-01-03 11:59:00,183.18643506368002,184.48693811628553,182.1567696041531,183.08162682851156,182.6006349987454,65189627.01388889
2024-01-03 12:00:00,183.18499755859375,184.48500061035156,182.15499877929688,183.0800018310547,182.59901428222656,65199050.0
2024-01-03 12:01:00,183.18356005350748,184.4830631044176,182.15322795444064,183.07837683359782,182.59739356570773,65208472.98611111
2024-01-03 12:02:00,183.18212254842123,184.48112559848363,182.15145712958443,183.07675183614094,182.5957728491889,65217895.972222224
2024-01-03 12:03:00,183.18068504333496,184.47918809254963,182.1496863047282,183.07512683868407,182.59415213267008,65227318.958333336
2024-01-03 12:04:00,183.1792475382487,184.47725058661567,182.14791547987195,183.07350184122723,182.59253141615125,65236741.94444445
2024-01-03 12:05:00,183.17781003316244,184.4753130806817,182.14614465501575,183.07187684377035,182.59091069963245,65246164.93055555
2024-01-03 12:06:00,183.17637252807617,184.47337557474773,182.1443738301595,183.07025184631348,182.58928998311362,65255587.916666664
2024-01-03 12:07:00,183.1749350229899,184.47143806881374,182.14260300530327,183.0686268488566,182.5876692665948,65265010.902777776
2024-01-03 12:08:00,183.17349751790366,184.46950056287977,182.14083218044703,183.06700185139974,182.58604855007596,65274433.88888889
2024-01-03 12:09:00,183.17206001281738,184.4675630569458,182.13906135559083,183.06537685394287,182.58442783355713,65283856.875
2024-01-03 12:10:00,183.1706225077311,184.46562555101184,182.1372905307346,183.063751856486,182.5828071170383,65293279.86111111
2024-01-03 12:11:00,183.16918500264487,184.46368804507784,182.13551970587835,183.06212685902912,182.58118640051947,65302702.847222224
2024-01-03 12:12:00,183.1677474975586,184.46175053914388,182.13374888102214,183.06050186157228,182.57956568400064,65312125.833333336
2024-01-03 12:13:00,183.16630999247232,184.4598130332099,182.1319780561659,183.0588768641154,182.5779449674818,65321548.81944445
2024-01-03 12:14:00,183.16487248738608,184.45787552727595,182.13020723130967,183.05725186665853,182.576324250963,65330971.80555555
2024-01-03 12:15:00,183.1634349822998,184.45593802134195,182.12843640645346,183.05562686920166,182.57470353444418,65340394.791666664
2024-01-03 12:16:00,183.16199747721353,184.45400051540798,182.12666558159722,183.0540018717448,182.57308281792535,65349817.777777776
2024-01-03 12:17:00,183.1605599721273,184.45206300947402,182.12489475674099,183.05237687428792,182.57146210140652,65359240.76388889
2024-01-03 12:18:00,183.15912246704102,184.45012550354005,182.12312393188478,183.05075187683104,182.5698413848877,65368663.75
2024-01-03 12:19:00,183.15768496195474,184.44818799760606,182.12135310702854,183.0491268793742,182.56822066836887,65378086.73611111
2024-01-03 12:20:00,183.1562474568685,184.4462504916721,182.1195822821723,183.04750188191733,182.56659995185004,65387509.722222224
2024-01-03 12:21:00,183.15480995178223,184.44431298573812,182.1178114573161,183.04587688446045,182.5649792353312,65396932.708333336
2024-01-03 12:22:00,183.15337244669595,184.44237547980416,182.11604063245986,183.04425188700358,182.56335851881238,65406355.69444445
2024-01-03 12:23:00,183.1519349416097,184.44043797387016,182.11426980760362,183.0426268895467,182.56173780229358,65415778.68055555
2024-01-03 12:24:00,183.15049743652344,184.4385004679362,182.11249898274738,183.04100189208984,182.56011708577475,65425201.666666664
2024-01-03 12:25:00,183.14905993143717,184.43656296200223,182.11072815789117,183.03937689463297,182.55849636925592,65434624.652777776
2024-01-03 12:26:00,183.14762242635092,184.43462545606826,182.10895733303494,183.0377518971761,182.5568756527371,65444047.63888889
2024-01-03 12:27:00,183.14618492126465,184.43268795013427,182.1071865081787,183.03612689971925,182.55525493621826,65453470.625
2024-01-03 12:28:00,183.14474741617838,184.4307504442003,182.1054156833225,183.03450190226238,182.55363421969943,65462893.61111111
2024-01-03 12:29:00,183.14330991109213,184.42881293826633,182.10364485846625,183.0328769048055,182.5520135031806,65472316.597222224
2024-01-03 12:30:00,183.14187240600586,184.42687543233237,182.10187403361002,183.03125190734863,182.55039278666177,65481739.583333336
2024-01-03 12:31:00,183.1404349009196,184.42493792639837,182.1001032087538,183.02962690989176,182.54877207014295,65491162.56944445
2024-01-03 12:32:00,183.13899739583334,184.4230004204644,182.09833238389757,183.0280019124349,182.54715135362414,65500585.55555555
2024-01-03 12:33:00,183.13755989074707,184.42106291453044,182.09656155904133,183.02637691497802,182.54553063710532,65510008.541666664
2024-01-03 12:34:00,183.1361223856608,184.41912540859647,182.09479073418512,183.02475191752117,182.5439099205865,65519431.527777776
2024-01-03 12:35:00,183.13468488057455,184.41718790266248,182.0930199093289,183.0231269200643,182.54228920406766,65528854.51388889
2024-01-03 12:36:00,183.13324737548828,184.4152503967285,182.09124908447265,183.02150192260743,182.54066848754883,65538277.5
2024-01-03 12:37:00,183.131809870402,184.41331289079454,182.08947825961644,183.01987692515056,182.53904777103,65547700.48611111
2024-01-03 12:38:00,183.13037236531576,184.41137538486058,182.0877074347602,183.01825192769368,182.53742705451117,65557123.472222224
2024-01-03 12:39:00,183.1289348602295,184.40943787892658,182.08593660990397,183.0166269302368,182.53580633799234,65566546.458333336
2024-01-03 12:40:00,183.12749735514322,184.40750037299262,182.08416578504773,183.01500193277994,182.5341856214735,65575969.44444445
2024-01-03 12:41:00,183.12605985005698,184.40556286705865,182.08239496019152,183.01337693532307,182.5325649049547,65585392.43055555
2024-01-03 12:42:00,183.1246223449707,184.40362536112468,182.08062413533528,183.01175193786622,182.53094418843588,65594815.416666664
2024-01-03 12:43:00,183.12318483988443,184.4016878551907,182.07885331047905,183.01012694040935,182.52932347191705,65604238.402777776
2024-01-03 12:44:00,183.1217473347982,184.39975034925672,182.07708248562284,183.00850194295248,182.52770275539822,65613661.38888889
2024-01-03 12:45:00,183.1203098297119,184.39781284332275,182.0753116607666,183.0068769454956,182.5260820388794,65623084.375
2024-01-03 12:46:00,183.11887232462564,184.3958753373888,182.07354083591036,183.00525194803873,182.52446132236057,65632507.36111111
2024-01-03 12:47:00,183.1174348195394,184.39393783145482,182.07177001105416,183.00362695058186,182.52284060584174,65641930.347222224
2024-01-03 12:48:00,183.11599731445312,184.39200032552083,182.06999918619792,183.002001953125,182.5212198893229,65651353.333333336
2024-01-03 12:49:00,183.11455980936685,184.39006281958686,182.06822836134168,183.00037695566814,182.51959917280408,65660776.31944445
2024-01-03 12:50:00,183.1131223042806,184.3881253136529,182.06645753648547,182.99875195821127,182.51797845628528,65670199.30555555
2024-01-03 12:51:00,183.11168479919434,184.38618780771893,182.06468671162924,182.9971269607544,182.51635773976645,65679622.291666664
2024-01-03 12:52:00,183.11024729410806,184.38425030178493,182.062915886773,182.99550196329753,182.51473702324762,65689045.277777776
2024-01-03 12:53:00,183.10880978902182,184.38231279585096,182.06114506191676,182.99387696584066,182.5131163067288,65698468.26388889
2024-01-03 12:54:00,183.10737228393555,184.380375289917,182.05937423706055,182.99225196838378,182.51149559020996,65707891.25
2024-01-03 12:55:00,183.10593477884927,184.37843778398303,182.05760341220432,182.9906269709269,182.50987487369113,65717314.23611111
2024-01-03 12:56:00,183.10449727376303,184.37650027804904,182.05583258734808,182.98900197347004,182.5082541571723,65726737.222222224
2024-01-03 12:57:00,183.10305976867676,184.37456277211507,182.05406176249187,182.9873769760132,182.50663344065347,65736160.208333336
2024-01-03 12:58:00,183.10162226359049,184.3726252661811,182.05229093763563,182.98575197855632,182.50501272413464,65745583.19444445
2024-01-03 12:59:00,183.10018475850424,184.37068776024714,182.0505201127794,182.98412698109945,182.50339200761584,65755006.18055555
2024-01-03 13:00:00,183.09874725341797,184.36875025431314,182.0487492879232,182.98250198364258,182.50177129109701,65764429.166666664
2024-01-03 13:01:00,183.0973097483317,184.36681274837917,182.04697846306695,182.9808769861857,182.50015057457819,65773852.152777776
2024-01-03 13:02:00,183.09587224324545,184.3648752424452,182.0452076382107,182.97925198872883,182.49852985805936,65783275.13888889
2024-01-03 13:03:00,183.09443473815918,184.36293773651124,182.0434368133545,182.97762699127196,182.49690914154053,65792698.125
2024-01-03 13:04:00,183.0929972330729,184.36100023057725,182.04166598849827,182.97600199381512,182.4952884250217,65802121.11111111
2024-01-03 13:05:00,183.09155972798666,184.35906272464328,182.03989516364203,182.97437699635825,182.49366770850287,65811544.097222224
2024-01-03 13:06:00,183.0901222229004,184.3571252187093,182.03812433878582,182.97275199890137,182.49204699198404,65820967.083333336
2024-01-03 13:07:00,183.08868471781412,184.35518771277535,182.03635351392958,182.9711270014445,182.4904262754652,65830390.06944445
2024-01-03 13:08:00,183.08724721272787,184.35325020684135,182.03458268907335,182.96950200398763,182.4888055589464,65839813.05555555
2024-01-03 13:09:00,183.0858097076416,184.35131270090739,182.0328118642171,182.96787700653076,182.48718484242758,65849236.041666664
2024-01-03 13:10:00,183.08437220255533,184.34937519497342,182.0310410393609,182.96625200907388,182.48556412590875,65858659.027777776
2024-01-03 13:11:00,183.08293469746908,184.34743768903945,182.02927021450466,182.964627011617,182.48394340938992,65868082.01388889
2024-01-03 13:12:00,183.0814971923828,184.34550018310546,182.02749938964843,182.96300201416017,182.4823226928711,65877505.0
2024-01-03 13:13:00,183.08005968729654,184.3435626771715,182.02572856479222,182.9613770167033,182.48070197635226,65886927.98611111
2024-01-03 13:14:00,183.0786221822103,184.34162517123752,182.02395773993598,182.95975201924642,182.47908125983344,65896350.972222224
2024-01-03 13:15:00,183.07718467712402,184.33968766530356,182.02218691507974,182.95812702178955,182.4774605433146,65905773.958333336
2024-01-03 13:16:00,183.07574717203775,184.33775015936956,182.02041609022353,182.95650202433268,182.47583982679578,65915196.94444445
2024-01-03 13:17:00,183.0743096669515,184.3358126534356,182.0186452653673,182.9548770268758,182.47421911027698,65924619.93055555
2024-01-03 13:18:00,183.07287216186523,184.33387514750163,182.01687444051106,182.95325202941893,182.47259839375815,65934042.916666664
2024-01-03 13:19:00,183.07143465677896,184.33193764156766,182.01510361565485,182.9516270319621,182.47097767723932,65943465.902777776
2024-01-03 13:20:00,183.06999715169272,184.33000013563367,182.01333279079861,182.95000203450522,182.4693569607205,65952888.88888889
2024-01-03 13:21:00,183.06855964660645,184.3280626296997,182.01156196594238,182.94837703704835,182.46773624420166,65962311.875
2024-01-03 13:22:00,183.06712214152017,184.32612512376573,182.00979114108617,182.94675203959147,182.46611552768283,65971734.86111111
2024-01-03 13:23:00,183.06568463643393,184.32418761783177,182.00802031622993,182.9451270421346,182.464494811164,65981157.847222224
2024-01-03 13:24:00,183.06424713134766,184.32225011189777,182.0062494913737,182.94350204467773,182.46287409464517,65990580.833333336
2024-01-03 13:25:00,183.06280962626138,184.3203126059638,182.00447866651746,182.94187704722086,182.46125337812634,66000003.81944445
2024-01-03 13:26:00,183.06137212117514,184.31837510002984,182.00270784166125,182.94025204976398,182.45963266160754,66009426.80555555
2024-01-03 13:27:00,183.05993461608887,184.31643759409587,182.000937016805,182.93862705230714,182.4580119450887,66018849.791666664
2024-01-03 13:28:00,183.0584971110026,184.31450008816188,181.99916619194877,182.93700205485027,182.45639122856988,66028272.777777776
2024-01-03 13:29:00,183.05705960591635,184.3125625822279,181.99739536709257,182.9353770573934,182.45477051205106,66037695.76388889
2024-01-03 13:30:00,183.05562210083008,184.31062507629395,181.99562454223633,182.93375205993652,182.45314979553223,66047118.75
2024-01-03 13:31:00,183.0541845957438,184.30868757035998,181.9938537173801,182.93212706247965,182.4515290790134,66056541.73611111
2024-01-03 13:32:00,183.05274709065756,184.306750064426,181.99208289252388,182.93050206502278,182.44990836249457,66065964.722222224
2024-01-03 13:33:00,183.0513095855713,184.30481255849202,181.99031206766765,182.9288770675659,182.44828764597574,66075387.708333336
2024-01-03 13:34:00,183.04987208048502,184.30287505255805,181.9885412428114,182.92725207010906,182.4466669294569,66084810.69444445
2024-01-03 13:35:00,183.04843457539877,184.30093754662408,181.9867704179552,182.9256270726522,182.4450462129381,66094233.68055555
2024-01-03 13:36:00,183.0469970703125,184.29900004069012,181.98499959309896,182.92400207519532,182.44342549641928,66103656.666666664
2024-01-03 13:37:00,183.04555956522623,184.29706253475612,181.98322876824272,182.92237707773845,182.44180477990045,66113079.652777776
2024-01-03 13:38:00,183.04412206013998,184.29512502882216,181.9814579433865,182.92075208028157,182.44018406338162,66122502.63888889
2024-01-03 13:39:00,183.0426845550537,184.2931875228882,181.97968711853028,182.9191270828247,182.4385633468628,66131925.625
2024-01-03 13:40:00,183.04124704996744,184.29125001695422,181.97791629367404,182.91750208536783,182.43694263034396,66141348.61111111
2024-01-03 13:41:00,183.0398095448812,184.28931251102023,181.9761454688178,182.91587708791096,182.43532191382513,66150771.597222224
2024-01-03 13:42:00,183.03837203979492,184.28737500508626,181.9743746439616,182.9142520904541,182.4337011973063,66160194.583333336
2024-01-03 13:43:00,183.03693453470865,184.2854374991523,181.97260381910536,182.91262709299724,182.43208048078748,66169617.56944445
2024-01-03 13:44:00,183.0354970296224,184.28349999321833,181.97083299424912,182.91100209554037,182.43045976426868,66179040.55555555
2024-01-03 13:45:00,183.03405952453613,184.28156248728433,181.9690621693929,182.9093770980835,182.42883904774985,66188463.541666664
2024-01-03 13:46:00,183.03262201944986,184.27962498135037,181.96729134453668,182.90775210062662,182.42721833123102,66197886.527777776
2024-01-03 13:47:00,183.03118451436362,184.2776874754164,181.96552051968044,182.90612710316975,182.4255976147122,66207309.51388889
2024-01-03 13:48:00,183.02974700927734,184.27574996948243,181.96374969482423,182.90450210571288,182.42397689819336,66216732.5
2024-01-03 13:49:00,183.02830950419107,184.27381246354844,181.961978869968,182.90287710825604,182.42235618167453,66226155.48611111
2024-01-03 13:50:00,183.02687199910483,184.27187495761447,181.96020804511176,182.90125211079916,182.4207354651557,66235578.472222224
2024-01-03 13:51:00,183.02543449401855,184.2699374516805,181.95843722025555,182.8996271133423,182.41911474863687,66245001.458333336
2024-01-03 13:52:00,183.02399698893228,184.26799994574654,181.9566663953993,182.89800211588542,182.41749403211804,66254424.44444445
2024-01-03 13:53:00,183.02255948384604,184.26606243981254,181.95489557054307,182.89637711842855,182.41587331559924,66263847.43055555
2024-01-03 13:54:00,183.02112197875977,184.26412493387858,181.95312474568684,182.89475212097167,182.4142525990804,66273270.416666664
2024-01-03 13:55:00,183.0196844736735,184.2621874279446,181.95135392083063,182.8931271235148,182.41263188256158,66282693.402777776
2024-01-03 13:56:00,183.01824696858725,184.26024992201064,181.9495830959744,182.89150212605793,182.41101116604275,66292116.38888889
2024-01-03 13:57:00,183.01680946350098,184.25831241607665,181.94781227111815,182.88987712860109,182.40939044952393,66301539.375
2024-01-03 13:58:00,183.0153719584147,184.25637491014268,181.94604144626194,182.8882521311442,182.4077697330051,66310962.36111111
2024-01-03 13:59:00,183.01393445332846,184.25443740420872,181.9442706214057,182.88662713368734,182.40614901648627,66320385.347222224
2024-01-03 14:00:00,183.0124969482422,184.25249989827475,181.94249979654947,182.88500213623047,182.40452829996744,66329808.333333336
2024-01-03 14:01:00,183.01105944315592,184.25056239234075,181.94072897169326,182.8833771387736,182.4029075834486,66339231.31944445
2024-01-03 14:02:00,183.00962193806967,184.2486248864068,181.93895814683702,182.88175214131672,182.4012868669298,66348654.30555555
2024-01-03 14:03:00,183.0081844329834,184.24668738047282,181.9371873219808,182.88012714385985,182.39966615041098,66358077.291666664
2024-01-03 14:04:00,183.00674692789713,184.24474987453885,181.93541649712458,182.878502146403,182.39804543389215,66367500.277777776
2024-01-03 14:05:00,183.00530942281088,184.24281236860486,181.93364567226834,182.87687714894614,182.39642471737332,66376923.26388889
2024-01-03 14:06:00,183.0038719177246,184.2408748626709,181.9318748474121,182.87525215148926,182.3948040008545,66386346.25
2024-01-03 14:07:00,183.00243441263834,184.23893735673693,181.9301040225559,182.8736271540324,182.39318328433566,66395769.23611111
2024-01-03 14:08:00,183.0009969075521,184.23699985080296,181.92833319769966,182.87200215657552,182.39156256781683,66405192.222222224
2024-01-03 14:09:00,182.99955940246582,184.23506234486896,181.92656237284342,182.87037715911865,182.389941851298,66414615.208333336
2024-01-03 14:10:00,182.99812189737955,184.233124838935,181.92479154798718,182.86875216166177,182.38832113477918,66424038.19444445
2024-01-03 14:11:00,182.9966843922933,184.23118733300103,181.92302072313097,182.8671271642049,182.38670041826038,66433461.18055555
2024-01-03 14:12:00,182.99524688720703,184.22924982706706,181.92124989827474,182.86550216674806,182.38507970174155,66442884.166666664
2024-01-03 14:13:00,182.99380938212076,184.22731232113307,181.9194790734185,182.8638771692912,182.38345898522272,66452307.152777776
2024-01-03 14:14:00,182.99237187703451,184.2253748151991,181.9177082485623,182.8622521718343,182.3818382687039,66461730.13888889
2024-01-03 14:15:00,182.99093437194824,184.22343730926514,181.91593742370605,182.86062717437744,182.38021755218506,66471153.125
2024-01-03 14:16:00,182.98949686686197,184.22149980333117,181.91416659884982,182.85900217692057,182.37859683566623,66480576.11111111
2024-01-03 14:17:00,182.98805936177573,184.2195622973972,181.9123957739936,182.8573771794637,182.3769761191474,66489999.097222224
2024-01-03 14:18:00,182.98662185668945,184.2176247914632,181.91062494913737,182.85575218200682,182.37535540262857,66499422.083333336
2024-01-03 14:19:00,182.98518435160318,184.21568728552924,181.90885412428113,182.85412718454998,182.37373468610974,66508845.06944445
2024-01-03 14:20:00,182.98374684651694,184.21374977959528,181.90708329942493,182.8525021870931,182.37211396959094,66518268.05555555
2024-01-03 14:21:00,182.98230934143066,184.2118122736613,181.9053124745687,182.85087718963624,182.3704932530721,66527691.041666664
2024-01-03 14:22:00,182.9808718363444,184.2098747677273,181.90354164971245,182.84925219217936,182.36887253655328,66537114.027777776
2024-01-03 14:23:00,182.97943433125815,184.20793726179335,181.90177082485621,182.8476271947225,182.36725182003445,66546537.01388889
2024-01-03 14:24:00,182.97799682617188,184.20599975585938,181.9,182.84600219726562,182.36563110351562,66555960.0
2024-01-03 14:25:00,182.9765593210856,184.2040622499254,181.89822917514377,182.84437719980875,182.3640103869968,66565382.98611111
2024-01-03 14:26:00,182.97512181599936,184.20212474399142,181.89645835028753,182.84275220235187,182.36238967047797,66574805.972222224
2024-01-03 14:27:00,182.9736843109131,184.20018723805745,181.89468752543132,182.84112720489503,182.36076895395914,66584228.958333336
2024-01-03 14:28:00,182.9722468058268,184.1982497321235,181.89291670057509,182.83950220743816,182.3591482374403,66593651.94444445
2024-01-03 14:29:00,182.97080930074057,184.19631222618952,181.89114587571885,182.8378772099813,182.3575275209215,66603074.93055555
2024-01-03 14:30:00,182.9693717956543,184.19437472025552,181.88937505086264,182.8362522125244,182.35590680440268,66612497.916666664
2024-01-03 14:31:00,182.96793429056802,184.19243721432156,181.8876042260064,182.83462721506754,182.35428608788385,66621920.902777776
2024-01-03 14:32:00,182.96649678548178,184.1904997083876,181.88583340115017,182.83300221761067,182.35266537136502,66631343.88888889
2024-01-03 14:33:00,182.9650592803955,184.18856220245362,181.88406257629396,182.8313772201538,182.3510446548462,66640766.875
2024-01-03 14:34:00,182.96362177530924,184.18662469651963,181.88229175143772,182.82975222269695,182.34942393832736,66650189.86111111
2024-01-03 14:35:00,182.962184270223,184.18468719058566,181.88052092658148,182.82812722524008,182.34780322180853,66659612.847222224
2024-01-03 14:36:00,182.96074676513672,184.1827496846517,181.87875010172527,182.8265022277832,182.3461825052897,66669035.833333336
2024-01-03 14:37:00,182.95930926005045,184.18081217871773,181.87697927686904,182.82487723032634,182.34456178877087,66678458.81944445
2024-01-03 14:38:00,182.9578717549642,184.17887467278373,181.8752084520128,182.82325223286946,182.34294107225207,66687881.80555555
2024-01-03 14:39:00,182.95643424987793,184.17693716684977,181.87343762715656,182.8216272354126,182.34132035573325,66697304.791666664
2024-01-03 14:40:00,182.95499674479166,184.1749996609158,181.87166680230035,182.82000223795572,182.33969963921442,66706727.777777776
2024-01-03 14:41:00,182.9535592397054,184.17306215498184,181.86989597744412,182.81837724049885,182.3380789226956,66716150.76388889
2024-01-03 14:42:00,182.95212173461914,184.17112464904784,181.86812515258788,182.816752243042,182.33645820617676,66725573.75
2024-01-03 14:43:00,182.95068422953287,184.16918714311387,181.86635432773167,182.81512724558513,182.33483748965793,66734996.73611111
2024-01-03 14:44:00,182.94924672444662,184.1672496371799,181.86458350287543,182.81350224812826,182.3332167731391,66744419.722222224
2024-01-03 14:45:00,182.94780921936035,184.16531213124594,181.8628126780192,182.8118772506714,182.33159605662027,66753842.708333336
2024-01-03 14:46:00,182.94637171427408,184.16337462531195,181.861041853163,182.81025225321451,182.32997534010144,66763265.69444445
2024-01-03 14:47:00,182.94493420918783,184.16143711937798,181.85927102830675,182.80862725575764,182.32835462358264,66772688.68055555
2024-01-03 14:48:00,182.94349670410156,184.159499613444,181.8575002034505,182.80700225830077,182.3267339070638,66782111.666666664
2024-01-03 14:49:00,182.9420591990153,184.15756210751005,181.8557293785943,182.80537726084393,182.32511319054498,66791534.652777776
2024-01-03 14:50:00,182.94062169392905,184.15562460157605,181.85395855373807,182.80375226338705,182.32349247402615,66800957.63888889
2024-01-03 14:51:00,182.93918418884277,184.15368709564208,181.85218772888183,182.80212726593018,182.32187175750732,66810380.625
2024-01-03 14:52:00,182.9377466837565,184.15174958970812,181.85041690402562,182.8005022684733,182.3202510409885,66819803.61111111
2024-01-03 14:53:00,182.93630917867026,184.14981208377415,181.84864607916938,182.79887727101644,182.31863032446967,66829226.597222224
2024-01-03 14:54:00,182.93487167358398,184.14787457784016,181.84687525431315,182.79725227355956,182.31700960795084,66838649.583333336
2024-01-03 14:55:00,182.9334341684977,184.1459370719062,181.8451044294569,182.7956272761027,182.315388891432,66848072.56944445
2024-01-03 14:56:00,182.93199666341147,184.14399956597222,181.8433336046007,182.79400227864582,182.3137681749132,66857495.55555555
2024-01-03 14:57:00,182.9305591583252,184.14206206003826,181.84156277974446,182.79237728118898,182.31214745839438,66866918.541666664
2024-01-03 14:58:00,182.92912165323892,184.14012455410426,181.83979195488823,182.7907522837321,182.31052674187555,66876341.527777776
2024-01-03 14:59:00,182.92768414815268,184.1381870481703,181.83802113003202,182.78912728627523,182.30890602535672,66885764.51388889
2024-01-03 15:00:00,182.9262466430664,184.13624954223633,181.83625030517578,182.78750228881836,182.3072853088379,66895187.5
2024-01-03 15:01:00,182.92480913798013,184.13431203630236,181.83447948031954,182.7858772913615,182.30566459231906,66904610.48611111
2024-01-03 15:02:00,182.9233716328939,184.1323745303684,181.83270865546334,182.78425229390461,182.30404387580023,66914033.472222224
2024-01-03 15:03:00,182.92193412780762,184.1304370244344,181.8309378306071,182.78262729644774,182.3024231592814,66923456.458333336
2024-01-03 15:04:00,182.92049662272134,184.12849951850043,181.82916700575086,182.7810022989909,182.30080244276257,66932879.44444445
2024-01-03 15:05:00,182.9190591176351,184.12656201256647,181.82739618089465,182.77937730153403,182.29918172624377,66942302.43055555
2024-01-03 15:06:00,182.91762161254883,184.1246245066325,181.82562535603842,182.77775230407715,182.29756100972494,66951725.416666664
2024-01-03 15:07:00,182.91618410746256,184.1226870006985,181.82385453118218,182.77612730662028,182.29594029320612,66961148.402777776
2024-01-03 15:08:00,182.9147466023763,184.12074949476454,181.82208370632594,182.7745023091634,182.2943195766873,66970571.38888889
2024-01-03 15:09:00,182.91330909729004,184.11881198883057,181.82031288146973,182.77287731170654,182.29269886016846,66979994.375
2024-01-03 15:10:00,182.91187159220377,184.1168744828966,181.8185420566135,182.77125231424967,182.29107814364963,66989417.36111111
2024-01-03 15:11:00,182.91043408711752,184.1149369769626,181.81677123175726,182.7696273167928,182.2894574271308,66998840.347222224
2024-01-03 15:12:00,182.90899658203125,184.11299947102864,181.81500040690105,182.76800231933595,182.28783671061197,67008263.333333336
2024-01-03 15:13:00,182.90755907694498,184.11106196509468,181.8132295820448,182.76637732187908,182.28621599409314,67017686.31944445
2024-01-03 15:14:00,182.90612157185873,184.1091244591607,181.81145875718857,182.7647523244222,182.28459527757434,67027109.30555555
2024-01-03 15:15:00,182.90468406677246,184.10718695322672,181.80968793233237,182.76312732696533,182.2829745610555,67036532.291666664
2024-01-03 15:16:00,182.9032465616862,184.10524944729275,181.80791710747613,182.76150232950846,182.28135384453668,67045955.277777776
2024-01-03 15:17:00,182.90180905659994,184.10331194135878,181.8061462826199,182.7598773320516,182.27973312801785,67055378.26388889
2024-01-03 15:18:00,182.90037155151367,184.10137443542482,181.80437545776368,182.75825233459472,182.27811241149902,67064801.25
2024-01-03 15:19:00,182.8989340464274,184.09943692949082,181.80260463290745,182.75662733713787,182.2764916949802,67074224.23611111
2024-01-03 15:20:00,182.89749654134116,184.09749942355685,181.8008338080512,182.755002339681,182.27487097846137,67083647.222222224
2024-01-03 15:21:00,182.89605903625488,184.0955619176229,181.799062983195,182.75337734222413,182.27325026194254,67093070.208333336
2024-01-03 15:22:00,182.8946215311686,184.09362441168892,181.79729215833876,182.75175234476725,182.2716295454237,67102493.19444445
2024-01-03 15:23:00,182.89318402608237,184.09168690575493,181.79552133348253,182.75012734731038,182.2700088289049,67111916.18055555
2024-01-03 15:24:00,182.8917465209961,184.08974939982096,181.7937505086263,182.7485023498535,182.26838811238608,67121339.16666667
2024-01-03 15:25:00,182.89030901590982,184.087811893887,181.79197968377008,182.74687735239664,182.26676739586725,67130762.15277778
2024-01-03 15:26:00,182.88887151082358,184.08587438795303,181.79020885891384,182.74525235493977,182.26514667934842,67140185.1388889
2024-01-03 15:27:00,182.8874340057373,184.08393688201903,181.7884380340576,182.74362735748292,182.2635259628296,67149608.125
2024-01-03 15:28:00,182.88599650065103,184.08199937608507,181.7866672092014,182.74200236002605,182.26190524631076,67159031.1111111
2024-01-03 15:29:00,182.8845589955648,184.0800618701511,181.78489638434516,182.74037736256918,182.26028452979193,67168454.09722222
2024-01-03 15:30:00,182.88312149047852,184.07812436421713,181.78312555948892,182.7387523651123,182.2586638132731,67177877.08333333
2024-01-03 15:31:00,182.88168398539224,184.07618685828314,181.7813547346327,182.73712736765543,182.25704309675427,67187300.06944445
2024-01-03 15:32:00,182.880246480306,184.07424935234917,181.77958390977648,182.73550237019856,182.25542238023547,67196723.05555555
2024-01-03 15:33:00,182.87880897521973,184.0723118464152,181.77781308492024,182.7338773727417,182.25380166371664,67206146.04166667
2024-01-03 15:34:00,182.87737147013345,184.07037434048124,181.77604226006403,182.73225237528484,182.25218094719781,67215569.02777778
2024-01-03 15:35:00,182.8759339650472,184.06843683454724,181.7742714352078,182.73062737782797,182.25056023067899,67224992.0138889
2024-01-03 15:36:00,182.87449645996094,184.06649932861328,181.77250061035156,182.7290023803711,182.24893951416016,67234415.0
2024-01-03 15:37:00,182.87305895487467,184.0645618226793,181.77072978549535,182.72737738291423,182.24731879764133,67243837.9861111
2024-01-03 15:38:00,182.87162144978842,184.06262431674534,181.7689589606391,182.72575238545735,182.2456980811225,67253260.97222222
2024-01-03 15:39:00,182.87018394470215,184.06068681081135,181.76718813578287,182.72412738800048,182.24407736460367,67262683.95833333
2024-01-03 15:40:00,182.86874643961588,184.05874930487738,181.76541731092664,182.7225023905436,182.24245664808484,67272106.94444445
2024-01-03 15:41:00,182.86730893452963,184.05681179894341,181.76364648607043,182.72087739308674,182.24083593156604,67281529.93055555
2024-01-03 15:42:00,182.86587142944336,184.05487429300945,181.7618756612142,182.7192523956299,182.2392152150472,67290952.91666667
2024-01-03 15:43:00,182.8644339243571,184.05293678707545,181.76010483635795,182.71762739817302,182.23759449852838,67300375.90277778
2024-01-03 15:44:00,182.86299641927084,184.0509992811415,181.75833401150174,182.71600240071615,182.23597378200955,67309798.8888889
2024-01-03 15:45:00,182.86155891418457,184.04906177520752,181.7565631866455,182.71437740325928,182.23435306549072,67319221.875
2024-01-03 15:46:00,182.8601214090983,184.04712426927355,181.75479236178927,182.7127524058024,182.2327323489719,67328644.8611111
2024-01-03 15:47:00,182.85868390401205,184.0451867633396,181.75302153693306,182.71112740834553,182.23111163245306,67338067.84722222
2024-01-03 15:48:00,182.85724639892578,184.0432492574056,181.75125071207682,182.70950241088866,182.22949091593424,67347490.83333333
2024-01-03 15:49:00,182.8558088938395,184.04131175147162,181.7494798872206,182.70787741343182,182.2278701994154,67356913.81944445
2024-01-03 15:50:00,182.85437138875326,184.03937424553766,181.74770906236438,182.70625241597494,182.2262494828966,67366336.80555555
2024-01-03 15:51:00,182.852933883667,184.0374367396037,181.74593823750814,182.70462741851807,182.22462876637778,67375759.79166667
2024-01-03 15:52:00,182.85149637858072,184.0354992336697,181.7441674126519,182.7030024210612,182.22300804985895,67385182.77777778
2024-01-03 15:53:00,182.85005887349448,184.03356172773573,181.74239658779567,182.70137742360433,182.22138733334012,67394605.7638889
2024-01-03 15:54:00,182.8486213684082,184.03162422180176,181.74062576293946,182.69975242614746,182.2197666168213,67404028.75
2024-01-03 15:55:00,182.84718386332193,184.0296867158678,181.73885493808322,182.69812742869058,182.21814590030246,67413451.7361111
2024-01-03 15:56:00,182.8457463582357,184.0277492099338,181.73708411322698,182.6965024312337,182.21652518378363,67422874.72222222
2024-01-03 15:57:00,182.8443088531494,184.02581170399984,181.73531328837078,182.69487743377687,182.2149044672648,67432297.70833333
2024-01-03 15:58:00,182.84287134806314,184.02387419806587,181.73354246351454,182.69325243632,182.21328375074597,67441720.69444445
2024-01-03 15:59:00,182.8414338429769,184.0219366921319,181.7317716386583,182.69162743886312,182.21166303422717,67451143.68055555
2024-01-03 16:00:00,182.83999633789062,184.0199991861979,181.7300008138021,182.69000244140625,182.21004231770834,67460566.66666667
